{"config": {"view": {"continuousWidth": 400, "continuousHeight": 300}}, "hconcat": [{"mark": {"type": "circle", "size": 200}, "encoding": {"color": {"condition": {"field": "Crop", "legend": null, "type": "nominal", "selection": "Crop"}, "value": "lightgrey"}, "y": {"axis": {"title": "Pick Crop", "titleFontSize": 15}, "field": "Crop", "type": "nominal"}}, "selection": {"Crop": {"type": "multi", "fields": ["Crop"]}}}, {"layer": [{"mark": {"type": "line", "strokeWidth": 2}, "encoding": {"color": {"condition": {"field": "Crop", "legend": null, "type": "nominal", "selection": "Crop"}, "value": "lightgrey"}, "x": {"axis": {"format": "%b %Y", "labelAngle": 0, "tickCount": 6, "title": null}, "field": "Year", "type": "temporal"}, "y": {"axis": {"title": "Yield (CWT/ACRE)"}, "field": "Value", "type": "quantitative"}}, "height": 400, "selection": {"Crop": {"type": "multi", "fields": ["Crop"]}}, "title": "Crop Yield by Year", "width": 500}, {"mark": {"type": "rule", "color": "red", "strokeWidth": 2}, "encoding": {"opacity": {"condition": {"value": 1, "selection": "selector001"}, "value": 0}, "tooltip": [{"field": "Year", "type": "quantitative"}, {"field": "Asparagus", "type": "quantitative"}, {"field": "Cabbage", "type": "quantitative"}, {"field": "Carrots", "type": "quantitative"}, {"field": "Celery", "type": "quantitative"}, {"field": "Cucumbers", "type": "quantitative"}, {"field": "Onions", "type": "quantitative"}, {"field": "Peppers", "type": "quantitative"}, {"field": "Pumpkins", "type": "quantitative"}, {"field": "Squash", "type": "quantitative"}, {"field": "Tomatoes", "type": "quantitative"}], "x": {"field": "Year", "type": "temporal"}}, "selection": {"selector001": {"type": "single", "fields": ["Year"], "nearest": true, "on": "mouseover", "empty": "none", "clear": "mouseout"}}, "transform": [{"pivot": "Crop", "value": "Value", "groupby": ["Year"]}]}]}], "data": {"name": "data-da46abc7de517a8dd9edcd1b48f0e43c"}, "$schema": "https://vega.github.io/schema/vega-lite/v4.17.0.json", "datasets": {"data-da46abc7de517a8dd9edcd1b48f0e43c": [{"Year": 2015, "Value": "240", "Crop": "Carrots"}, {"Year": 2014, "Value": "310", "Crop": "Carrots"}, {"Year": 2013, "Value": "290", "Crop": "Carrots"}, {"Year": 2012, "Value": "280", "Crop": "Carrots"}, {"Year": 2011, "Value": "260", "Crop": "Carrots"}, {"Year": 2010, "Value": "250", "Crop": "Carrots"}, {"Year": 2009, "Value": "270", "Crop": "Carrots"}, {"Year": 2008, "Value": "290", "Crop": "Carrots"}, {"Year": 2007, "Value": "300", "Crop": "Carrots"}, {"Year": 2006, "Value": "320", "Crop": "Carrots"}, {"Year": 2005, "Value": "360", "Crop": "Carrots"}, {"Year": 2004, "Value": "310", "Crop": "Carrots"}, {"Year": 2003, "Value": "350", "Crop": "Carrots"}, {"Year": 2002, "Value": "330", "Crop": "Carrots"}, {"Year": 2001, "Value": "350", "Crop": "Carrots"}, {"Year": 2000, "Value": "280", "Crop": "Carrots"}, {"Year": 1999, "Value": "280", "Crop": "Carrots"}, {"Year": 1998, "Value": "290", "Crop": "Carrots"}, {"Year": 2015, "Value": 5.9, "Crop": "Cucumbers"}, {"Year": 2014, "Value": 6.1, "Crop": "Cucumbers"}, {"Year": 2013, "Value": 5.8, "Crop": "Cucumbers"}, {"Year": 2012, "Value": 5.4, "Crop": "Cucumbers"}, {"Year": 2011, "Value": 5.6, "Crop": "Cucumbers"}, {"Year": 2010, "Value": 6.4, "Crop": "Cucumbers"}, {"Year": 2009, "Value": 5.8, "Crop": "Cucumbers"}, {"Year": 2008, "Value": 6.2, "Crop": "Cucumbers"}, {"Year": 2007, "Value": 5.3, "Crop": "Cucumbers"}, {"Year": 2006, "Value": 5.2, "Crop": "Cucumbers"}, {"Year": 2005, "Value": 4.8, "Crop": "Cucumbers"}, {"Year": 2004, "Value": 5.0, "Crop": "Cucumbers"}, {"Year": 2003, "Value": 5.4, "Crop": "Cucumbers"}, {"Year": 2002, "Value": 4.6, "Crop": "Cucumbers"}, {"Year": 2001, "Value": 4.25, "Crop": "Cucumbers"}, {"Year": 2000, "Value": 6.0, "Crop": "Cucumbers"}, {"Year": 1999, "Value": 6.0, "Crop": "Cucumbers"}, {"Year": 1998, "Value": 5.0, "Crop": "Cucumbers"}, {"Year": 2020, "Value": "28", "Crop": "Asparagus"}, {"Year": 2019, "Value": "30", "Crop": "Asparagus"}, {"Year": 2018, "Value": "28", "Crop": "Asparagus"}, {"Year": 2018, "Value": "28", "Crop": "Asparagus"}, {"Year": 2017, "Value": "27", "Crop": "Asparagus"}, {"Year": 2017, "Value": "27", "Crop": "Asparagus"}, {"Year": 2016, "Value": "25", "Crop": "Asparagus"}, {"Year": 2015, "Value": "26", "Crop": "Asparagus"}, {"Year": 2014, "Value": "24", "Crop": "Asparagus"}, {"Year": 2013, "Value": "23", "Crop": "Asparagus"}, {"Year": 2012, "Value": "21", "Crop": "Asparagus"}, {"Year": 2011, "Value": "22", "Crop": "Asparagus"}, {"Year": 2010, "Value": "16", "Crop": "Asparagus"}, {"Year": 2010, "Value": "16", "Crop": "Asparagus"}, {"Year": 2009, "Value": "22", "Crop": "Asparagus"}, {"Year": 2008, "Value": "23", "Crop": "Asparagus"}, {"Year": 2007, "Value": "21", "Crop": "Asparagus"}, {"Year": 2006, "Value": "22", "Crop": "Asparagus"}, {"Year": 2005, "Value": "19", "Crop": "Asparagus"}, {"Year": 2004, "Value": "20", "Crop": "Asparagus"}, {"Year": 2003, "Value": "21", "Crop": "Asparagus"}, {"Year": 2002, "Value": "15", "Crop": "Asparagus"}, {"Year": 2001, "Value": "20", "Crop": "Asparagus"}, {"Year": 2000, "Value": "17", "Crop": "Asparagus"}, {"Year": 1999, "Value": "18", "Crop": "Asparagus"}, {"Year": 1998, "Value": "16", "Crop": "Asparagus"}, {"Year": 2015, "Value": "300", "Crop": "Tomatoes"}, {"Year": 2014, "Value": "245", "Crop": "Tomatoes"}, {"Year": 2013, "Value": "240", "Crop": "Tomatoes"}, {"Year": 2012, "Value": "200", "Crop": "Tomatoes"}, {"Year": 2011, "Value": "220", "Crop": "Tomatoes"}, {"Year": 2010, "Value": "200", "Crop": "Tomatoes"}, {"Year": 2009, "Value": "300", "Crop": "Tomatoes"}, {"Year": 2008, "Value": "260", "Crop": "Tomatoes"}, {"Year": 2007, "Value": "230", "Crop": "Tomatoes"}, {"Year": 2006, "Value": "230", "Crop": "Tomatoes"}, {"Year": 2005, "Value": "220", "Crop": "Tomatoes"}, {"Year": 2004, "Value": "260", "Crop": "Tomatoes"}, {"Year": 2003, "Value": "220", "Crop": "Tomatoes"}, {"Year": 2002, "Value": "210", "Crop": "Tomatoes"}, {"Year": 2001, "Value": "210", "Crop": "Tomatoes"}, {"Year": 2000, "Value": "170", "Crop": "Tomatoes"}, {"Year": 1999, "Value": "190", "Crop": "Tomatoes"}, {"Year": 1998, "Value": "210", "Crop": "Tomatoes"}, {"Year": 2015, "Value": "330", "Crop": "Onions"}, {"Year": 2014, "Value": "370", "Crop": "Onions"}, {"Year": 2013, "Value": "300", "Crop": "Onions"}, {"Year": 2012, "Value": "230", "Crop": "Onions"}, {"Year": 2011, "Value": "240", "Crop": "Onions"}, {"Year": 2010, "Value": "220", "Crop": "Onions"}, {"Year": 2009, "Value": "350", "Crop": "Onions"}, {"Year": 2008, "Value": "280", "Crop": "Onions"}, {"Year": 2007, "Value": "260", "Crop": "Onions"}, {"Year": 2006, "Value": "250", "Crop": "Onions"}, {"Year": 2005, "Value": "260", "Crop": "Onions"}, {"Year": 2004, "Value": "290", "Crop": "Onions"}, {"Year": 2003, "Value": "320", "Crop": "Onions"}, {"Year": 2002, "Value": "230", "Crop": "Onions"}, {"Year": 2001, "Value": "270", "Crop": "Onions"}, {"Year": 2000, "Value": "270", "Crop": "Onions"}, {"Year": 1999, "Value": "270", "Crop": "Onions"}, {"Year": 1998, "Value": "260", "Crop": "Onions"}, {"Year": 2015, "Value": "290", "Crop": "Cabbage"}, {"Year": 2014, "Value": "270", "Crop": "Cabbage"}, {"Year": 2013, "Value": "230", "Crop": "Cabbage"}, {"Year": 2012, "Value": "250", "Crop": "Cabbage"}, {"Year": 2011, "Value": "230", "Crop": "Cabbage"}, {"Year": 2010, "Value": "280", "Crop": "Cabbage"}, {"Year": 2009, "Value": "260", "Crop": "Cabbage"}, {"Year": 2008, "Value": "280", "Crop": "Cabbage"}, {"Year": 2007, "Value": "320", "Crop": "Cabbage"}, {"Year": 2006, "Value": "340", "Crop": "Cabbage"}, {"Year": 2005, "Value": "360", "Crop": "Cabbage"}, {"Year": 2004, "Value": "270", "Crop": "Cabbage"}, {"Year": 2003, "Value": "320", "Crop": "Cabbage"}, {"Year": 2002, "Value": "300", "Crop": "Cabbage"}, {"Year": 2001, "Value": "320", "Crop": "Cabbage"}, {"Year": 2000, "Value": "250", "Crop": "Cabbage"}, {"Year": 1999, "Value": "280", "Crop": "Cabbage"}, {"Year": 1998, "Value": "260", "Crop": "Cabbage"}, {"Year": 2020, "Value": "160", "Crop": "Pumpkins"}, {"Year": 2019, "Value": "150", "Crop": "Pumpkins"}, {"Year": 2018, "Value": "190", "Crop": "Pumpkins"}, {"Year": 2017, "Value": "155", "Crop": "Pumpkins"}, {"Year": 2016, "Value": "155", "Crop": "Pumpkins"}, {"Year": 2015, "Value": "155", "Crop": "Pumpkins"}, {"Year": 2014, "Value": "160", "Crop": "Pumpkins"}, {"Year": 2013, "Value": "155", "Crop": "Pumpkins"}, {"Year": 2012, "Value": "150", "Crop": "Pumpkins"}, {"Year": 2011, "Value": "145", "Crop": "Pumpkins"}, {"Year": 2010, "Value": "140", "Crop": "Pumpkins"}, {"Year": 2009, "Value": "110", "Crop": "Pumpkins"}, {"Year": 2008, "Value": "145", "Crop": "Pumpkins"}, {"Year": 2007, "Value": "115", "Crop": "Pumpkins"}, {"Year": 2006, "Value": "150", "Crop": "Pumpkins"}, {"Year": 2005, "Value": "145", "Crop": "Pumpkins"}, {"Year": 2004, "Value": "140", "Crop": "Pumpkins"}, {"Year": 2003, "Value": "140", "Crop": "Pumpkins"}, {"Year": 2002, "Value": "120", "Crop": "Pumpkins"}, {"Year": 2001, "Value": "120", "Crop": "Pumpkins"}, {"Year": 2000, "Value": "160", "Crop": "Pumpkins"}, {"Year": 2020, "Value": "220", "Crop": "Squash"}, {"Year": 2019, "Value": "200", "Crop": "Squash"}, {"Year": 2018, "Value": "220", "Crop": "Squash"}, {"Year": 2017, "Value": "230", "Crop": "Squash"}, {"Year": 2016, "Value": "240", "Crop": "Squash"}, {"Year": 2015, "Value": "200", "Crop": "Squash"}, {"Year": 2014, "Value": "200", "Crop": "Squash"}, {"Year": 2013, "Value": "200", "Crop": "Squash"}, {"Year": 2012, "Value": "240", "Crop": "Squash"}, {"Year": 2011, "Value": "220", "Crop": "Squash"}, {"Year": 2010, "Value": "200", "Crop": "Squash"}, {"Year": 2009, "Value": "210", "Crop": "Squash"}, {"Year": 2008, "Value": "200", "Crop": "Squash"}, {"Year": 2007, "Value": "190", "Crop": "Squash"}, {"Year": 2006, "Value": "210", "Crop": "Squash"}, {"Year": 2005, "Value": "220", "Crop": "Squash"}, {"Year": 2004, "Value": "160", "Crop": "Squash"}, {"Year": 2003, "Value": "190", "Crop": "Squash"}, {"Year": 2002, "Value": "230", "Crop": "Squash"}, {"Year": 2001, "Value": "200", "Crop": "Squash"}, {"Year": 2000, "Value": "115", "Crop": "Squash"}, {"Year": 2020, "Value": "230", "Crop": "Peppers"}, {"Year": 2019, "Value": "255", "Crop": "Peppers"}, {"Year": 2018, "Value": "240", "Crop": "Peppers"}, {"Year": 2017, "Value": "255", "Crop": "Peppers"}, {"Year": 2016, "Value": "260", "Crop": "Peppers"}, {"Year": 2015, "Value": "280", "Crop": "Peppers"}, {"Year": 2014, "Value": "260", "Crop": "Peppers"}, {"Year": 2013, "Value": "250", "Crop": "Peppers"}, {"Year": 2012, "Value": "260", "Crop": "Peppers"}, {"Year": 2011, "Value": "270", "Crop": "Peppers"}, {"Year": 2010, "Value": "230", "Crop": "Peppers"}, {"Year": 2009, "Value": "240", "Crop": "Peppers"}, {"Year": 2008, "Value": "250", "Crop": "Peppers"}, {"Year": 2007, "Value": "260", "Crop": "Peppers"}, {"Year": 2006, "Value": "270", "Crop": "Peppers"}, {"Year": 2005, "Value": "280", "Crop": "Peppers"}, {"Year": 2004, "Value": "290", "Crop": "Peppers"}, {"Year": 2003, "Value": "250", "Crop": "Peppers"}, {"Year": 2002, "Value": "250", "Crop": "Peppers"}, {"Year": 2001, "Value": "260", "Crop": "Peppers"}, {"Year": 2000, "Value": "220", "Crop": "Peppers"}, {"Year": 1999, "Value": "200", "Crop": "Peppers"}, {"Year": 1998, "Value": "200", "Crop": "Peppers"}, {"Year": 2018, "Value": "580", "Crop": "Celery"}, {"Year": 2017, "Value": "590", "Crop": "Celery"}, {"Year": 2016, "Value": "600", "Crop": "Celery"}, {"Year": 2015, "Value": "580", "Crop": "Celery"}, {"Year": 2014, "Value": "580", "Crop": "Celery"}, {"Year": 2013, "Value": "575", "Crop": "Celery"}, {"Year": 2012, "Value": "565", "Crop": "Celery"}, {"Year": 2011, "Value": "490", "Crop": "Celery"}, {"Year": 2010, "Value": "525", "Crop": "Celery"}, {"Year": 2009, "Value": "555", "Crop": "Celery"}, {"Year": 2008, "Value": "525", "Crop": "Celery"}, {"Year": 2007, "Value": "490", "Crop": "Celery"}, {"Year": 2006, "Value": "530", "Crop": "Celery"}, {"Year": 2005, "Value": "575", "Crop": "Celery"}, {"Year": 2004, "Value": "560", "Crop": "Celery"}, {"Year": 2003, "Value": "530", "Crop": "Celery"}, {"Year": 2002, "Value": "470", "Crop": "Celery"}, {"Year": 2001, "Value": "460", "Crop": "Celery"}, {"Year": 2000, "Value": "500", "Crop": "Celery"}, {"Year": 1999, "Value": "450", "Crop": "Celery"}, {"Year": 1998, "Value": "470", "Crop": "Celery"}]}}